,date,id,location,state,city,pages
0,2020-04-01,311,Bihar/Bhagalpur,Bihar,Bhagalpur,['/products']
1,2020-04-01,817,Uttarakhand/Dehra Dun,Uttarakhand,Dehra Dun,"['/products', '/products', '/pricing', '/pricing']"
2,2020-04-01,1245,Arunachal Pradesh/Itanagar,Arunachal Pradesh,Itanagar,"['/contact', '/aboutus']"
3,2020-04-01,1146,Gujarat/Surat,Gujarat,Surat,['/']
4,2020-04-01,1486,Nagaland/Kohima,Nagaland,Kohima,"['/pricing', '/products', '/pricing', '/aboutus']"
5,2020-04-01,256,Nagaland/Kohima,Nagaland,Kohima,"['/aboutus', '/pricing', '/pricing', '/pricing']"
6,2020-04-01,1728,Sikkim/Gangtok,Sikkim,Gangtok,['/']
7,2020-04-01,1100,Gujarat/Ghandinagar,Gujarat,Ghandinagar,"['/pricing', '/aboutus']"
8,2020-04-01,556,Manipur/Imphal,Manipur,Imphal,['/']
9,2020-04-01,625,Goa/Panaji,Goa,Panaji,"['/', '/products', '/aboutus', '/aboutus']"
10,2020-04-01,60,Kerala/Thiruvananthapuram,Kerala,Thiruvananthapuram,"['/contact', '/aboutus']"
11,2020-04-01,1204,Madhya Pradesh/Ratlam,Madhya Pradesh,Ratlam,"['/', '/products', '/aboutus', '/']"
12,2020-04-01,1739,Manipur/Imphal,Manipur,Imphal,"['/pricing', '/contact', '/pricing', '/pricing', '/products']"
13,2020-04-01,378,Meghalaya/Shillong,Meghalaya,Shillong,"['/aboutus', '/pricing', '/']"
14,2020-04-01,1468,Arunachal Pradesh/Itanagar,Arunachal Pradesh,Itanagar,"['/contact', '/pricing', '/contact']"
15,2020-04-01,455,Assam/Guwahati,Assam,Guwahati,"['/pricing', '/pricing', '/pricing', '/aboutus', '/contact']"
16,2020-04-01,574,Mizoram/Aizawl,Mizoram,Aizawl,['/contact']
17,2020-04-01,995,Uttarakhand/Dehra Dun,Uttarakhand,Dehra Dun,"['/contact', '/products', '/aboutus', '/aboutus']"
18,2020-04-01,1837,Andaman and Nicobar Islands/Port Blair,Andaman and Nicobar Islands,Port Blair,['/aboutus']
19,2020-04-01,1960,Uttarakhand/Dehra Dun,Uttarakhand,Dehra Dun,"['/pricing', '/pricing', '/pricing', '/aboutus', '/contact']"
20,2020-04-01,334,Uttarakhand/Dehra Dun,Uttarakhand,Dehra Dun,['/contact']
21,2020-04-01,1663,Lakshadweep/Kavaratti,Lakshadweep,Kavaratti,"['/pricing', '/', '/pricing', '/products']"
22,2020-04-01,1613,Rajasthan/Ajmer,Rajasthan,Ajmer,"['/contact', '/contact', '/pricing', '/']"
23,2020-04-01,1690,Himachal Pradesh/Shimla,Himachal Pradesh,Shimla,"['/contact', '/']"
24,2020-04-01,291,Delhi/Delhi,Delhi,Delhi,"['/contact', '/aboutus']"
25,2020-04-01,1283,Andaman and Nicobar Islands/Port Blair,Andaman and Nicobar Islands,Port Blair,"['/products', '/aboutus']"
26,2020-04-01,305,Nagaland/Kohima,Nagaland,Kohima,"['/aboutus', '/pricing', '/aboutus']"
27,2020-04-01,954,Tripura/Agartala,Tripura,Agartala,['/pricing']
28,2020-04-01,644,Chandigarh/Chandigarh,Chandigarh,Chandigarh,"['/aboutus', '/aboutus', '/contact', '/aboutus', '/']"
29,2020-04-01,1981,Jammu and Kashmir/Baramula,Jammu and Kashmir,Baramula,"['/products', '/products']"
30,2020-04-01,1459,Goa/Panaji,Goa,Panaji,"['/', '/', '/aboutus', '/contact']"
31,2020-04-01,657,Jharkhand/Jamshedpur,Jharkhand,Jamshedpur,"['/aboutus', '/contact', '/contact']"
32,2020-04-01,1709,Uttarakhand/Dehra Dun,Uttarakhand,Dehra Dun,"['/products', '/pricing', '/pricing', '/contact']"
33,2020-04-01,1872,Gujarat/Ahmadabad,Gujarat,Ahmadabad,"['/aboutus', '/aboutus', '/contact', '/pricing']"
34,2020-04-01,1689,Goa/Panaji,Goa,Panaji,"['/products', '/pricing']"
35,2020-04-01,83,Lakshadweep/Kavaratti,Lakshadweep,Kavaratti,"['/', '/', '/aboutus', '/pricing', '/contact']"
36,2020-04-01,1699,Delhi/New Delhi,Delhi,New Delhi,['/products']
37,2020-04-01,1629,Chandigarh/Chandigarh,Chandigarh,Chandigarh,"['/contact', '/pricing', '/pricing', '/contact']"
38,2020-04-01,742,Punjab/Abohar,Punjab,Abohar,"['/pricing', '/products', '/contact', '/contact', '/contact']"
39,2020-04-01,1818,Andaman and Nicobar Islands/Port Blair,Andaman and Nicobar Islands,Port Blair,"['/aboutus', '/pricing', '/']"
40,2020-04-01,357,Bihar/Muzaffarpur,Bihar,Muzaffarpur,"['/aboutus', '/contact']"
41,2020-04-01,995,West Bengal/Bhatpara,West Bengal,Bhatpara,['/contact']
42,2020-04-01,323,Lakshadweep/Kavaratti,Lakshadweep,Kavaratti,['/']
43,2020-04-01,153,Assam/Dispur,Assam,Dispur,"['/', '/products', '/aboutus']"
44,2020-04-01,1188,Meghalaya/Shillong,Meghalaya,Shillong,"['/contact', '/contact']"
45,2020-04-01,1901,Tamil Nadu /Tirunelveli,Tamil Nadu ,Tirunelveli,"['/products', '/contact', '/pricing']"
46,2020-04-01,491,Jammu and Kashmir/Srinagar,Jammu and Kashmir,Srinagar,"['/contact', '/products']"
47,2020-04-01,870,West Bengal/Alipur Duar,West Bengal,Alipur Duar,"['/products', '/products', '/products', '/pricing', '/aboutus']"
48,2020-04-01,156,Rajasthan/Sikar,Rajasthan,Sikar,"['/contact', '/contact']"
49,2020-04-01,1880,Andaman and Nicobar Islands/Port Blair,Andaman and Nicobar Islands,Port Blair,"['/contact', '/pricing', '/aboutus']"
50,2020-04-02,1992,Odisha/Samlaipadar,Odisha,Samlaipadar,['/pricing']
51,2020-04-02,1092,Chandigarh/Chandigarh,Chandigarh,Chandigarh,"['/products', '/contact', '/aboutus']"
52,2020-04-02,1066,Mizoram/Aizawl,Mizoram,Aizawl,"['/aboutus', '/products', '/products']"
53,2020-04-02,731,West Bengal/Haora,West Bengal,Haora,"['/products', '/contact', '/', '/aboutus', '/contact']"
54,2020-04-02,1173,Gujarat/Bhavnagar,Gujarat,Bhavnagar,['/products']
55,2020-04-02,1771,Tamil Nadu /Valparai,Tamil Nadu ,Valparai,"['/', '/contact', '/contact', '/products', '/pricing']"
56,2020-04-02,1594,Dadra and Nagar Haveli/Silvassa,Dadra and Nagar Haveli,Silvassa,"['/pricing', '/pricing', '/pricing', '/aboutus']"
57,2020-04-02,1879,Chandigarh/Chandigarh,Chandigarh,Chandigarh,['/']
58,2020-04-02,712,Manipur/Imphal,Manipur,Imphal,"['/', '/contact', '/']"
59,2020-04-02,1548,Bihar/Muzaffarpur,Bihar,Muzaffarpur,"['/aboutus', '/contact']"
60,2020-04-02,1942,Manipur/Imphal,Manipur,Imphal,"['/contact', '/pricing', '/']"
61,2020-04-02,197,Chhattisgarh/Bhilai,Chhattisgarh,Bhilai,"['/contact', '/products']"
62,2020-04-02,42,Mizoram/Aizawl,Mizoram,Aizawl,['/aboutus']
63,2020-04-02,1745,Nagaland/Kohima,Nagaland,Kohima,"['/aboutus', '/aboutus', '/pricing']"
64,2020-04-02,1368,Uttarakhand/Dehra Dun,Uttarakhand,Dehra Dun,"['/', '/contact']"
65,2020-04-02,1267,Nagaland/Kohima,Nagaland,Kohima,"['/contact', '/contact', '/contact', '/']"
66,2020-04-02,1254,Manipur/Imphal,Manipur,Imphal,"['/products', '/aboutus', '/aboutus']"
67,2020-04-02,474,Jammu and Kashmir/Jammu,Jammu and Kashmir,Jammu,['/pricing']
68,2020-04-02,1239,Jammu and Kashmir/Jammu,Jammu and Kashmir,Jammu,['/pricing']
69,2020-04-02,1365,Tripura/Agartala,Tripura,Agartala,"['/products', '/aboutus']"
70,2020-04-02,1877,Assam/Dibrugarh,Assam,Dibrugarh,"['/aboutus', '/contact', '/products', '/', '/']"
71,2020-04-02,1909,Chhattisgarh/Raipur,Chhattisgarh,Raipur,"['/', '/aboutus', '/']"
72,2020-04-02,151,Arunachal Pradesh/Itanagar,Arunachal Pradesh,Itanagar,"['/pricing', '/aboutus', '/contact', '/products', '/products']"
73,2020-04-02,831,Odisha/Cuttack,Odisha,Cuttack,"['/aboutus', '/products', '/aboutus', '/aboutus', '/aboutus']"
74,2020-04-02,1393,Maharashtra/Aurangabad,Maharashtra,Aurangabad,"['/products', '/products', '/aboutus']"
75,2020-04-02,1663,Arunachal Pradesh/Itanagar,Arunachal Pradesh,Itanagar,"['/contact', '/', '/', '/aboutus']"
76,2020-04-02,888,Assam/Dispur,Assam,Dispur,"['/aboutus', '/contact', '/aboutus', '/']"
77,2020-04-02,1915,Daman and Diu/Diu,Daman and Diu,Diu,"['/products', '/aboutus']"
78,2020-04-02,981,Bihar/Purnea,Bihar,Purnea,"['/aboutus', '/products']"
79,2020-04-02,1548,Madhya Pradesh/Ratlam,Madhya Pradesh,Ratlam,['/products']
80,2020-04-02,1154,Arunachal Pradesh/Itanagar,Arunachal Pradesh,Itanagar,"['/', '/contact', '/products', '/products', '/aboutus']"
81,2020-04-02,890,Arunachal Pradesh/Itanagar,Arunachal Pradesh,Itanagar,"['/pricing', '/', '/products', '/aboutus', '/pricing']"
82,2020-04-02,158,Uttarakhand/Dehra Dun,Uttarakhand,Dehra Dun,"['/products', '/aboutus', '/contact', '/pricing', '/aboutus']"
83,2020-04-02,270,West Bengal/Haldia,West Bengal,Haldia,"['/aboutus', '/']"
84,2020-04-02,677,Mizoram/Aizawl,Mizoram,Aizawl,"['/', '/aboutus', '/aboutus', '/pricing', '/pricing']"
85,2020-04-02,611,Jammu and Kashmir/Baramula,Jammu and Kashmir,Baramula,"['/pricing', '/aboutus', '/', '/contact', '/pricing']"
86,2020-04-02,1829,Meghalaya/Shillong,Meghalaya,Shillong,"['/', '/pricing', '/pricing', '/contact', '/aboutus']"
87,2020-04-02,1405,Karnataka/Davangere,Karnataka,Davangere,"['/', '/contact', '/pricing', '/products', '/aboutus']"
88,2020-04-03,142,Gujarat/Bhavnagar,Gujarat,Bhavnagar,"['/', '/pricing', '/contact', '/aboutus']"
89,2020-04-03,1324,Jammu and Kashmir/Srinagar,Jammu and Kashmir,Srinagar,"['/products', '/aboutus', '/', '/contact']"
90,2020-04-03,650,Jammu and Kashmir/Jammu,Jammu and Kashmir,Jammu,"['/products', '/products', '/pricing', '/aboutus']"
91,2020-04-03,59,Nagaland/Kohima,Nagaland,Kohima,"['/', '/pricing', '/products']"
92,2020-04-03,1623,Odisha/Brahmapur,Odisha,Brahmapur,"['/', '/pricing', '/products', '/products']"
93,2020-04-03,1254,Chhattisgarh/Raipur,Chhattisgarh,Raipur,"['/contact', '/products', '/aboutus']"
94,2020-04-03,1665,Himachal Pradesh/Shimla,Himachal Pradesh,Shimla,"['/pricing', '/aboutus']"
95,2020-04-03,1480,Delhi/Delhi,Delhi,Delhi,['/aboutus']
96,2020-04-03,737,Andhra Pradesh/Nellore,Andhra Pradesh,Nellore,"['/products', '/', '/products', '/aboutus']"
97,2020-04-03,700,Tamil Nadu /Tiruvannamalai,Tamil Nadu ,Tiruvannamalai,"['/aboutus', '/contact', '/contact', '/products']"
98,2020-04-03,1752,Karnataka/Bellary,Karnataka,Bellary,"['/aboutus', '/contact', '/contact', '/contact']"
99,2020-04-03,557,Assam/Tezpur,Assam,Tezpur,"['/pricing', '/products', '/aboutus', '/aboutus']"
100,2020-04-03,1559,West Bengal/Haldia,West Bengal,Haldia,"['/products', '/', '/pricing', '/products', '/aboutus']"
101,2020-04-03,792,Odisha/Brahmapur,Odisha,Brahmapur,"['/aboutus', '/pricing', '/pricing', '/aboutus']"
102,2020-04-03,1632,Uttarakhand/Dehra Dun,Uttarakhand,Dehra Dun,"['/products', '/aboutus']"
103,2020-04-03,1760,Gujarat/Bhuj,Gujarat,Bhuj,"['/products', '/products']"
104,2020-04-03,1839,Delhi/New Delhi,Delhi,New Delhi,"['/pricing', '/', '/pricing']"
105,2020-04-03,442,Punjab/Patiala,Punjab,Patiala,"['/pricing', '/products']"
106,2020-04-03,356,Manipur/Imphal,Manipur,Imphal,"['/pricing', '/contact', '/pricing']"
107,2020-04-03,1463,Karnataka/Hubli,Karnataka,Hubli,"['/contact', '/', '/contact', '/contact', '/aboutus']"
108,2020-04-03,905,Chandigarh/Chandigarh,Chandigarh,Chandigarh,"['/contact', '/', '/contact']"
109,2020-04-03,716,Meghalaya/Shillong,Meghalaya,Shillong,"['/contact', '/']"
110,2020-04-03,1816,Jharkhand/Dhanbad,Jharkhand,Dhanbad,"['/pricing', '/aboutus', '/products', '/products', '/aboutus']"
111,2020-04-03,1794,Andhra Pradesh/Kagaznagar,Andhra Pradesh,Kagaznagar,"['/contact', '/', '/']"
112,2020-04-03,177,Mizoram/Aizawl,Mizoram,Aizawl,['/contact']
113,2020-04-03,289,Andaman and Nicobar Islands/Port Blair,Andaman and Nicobar Islands,Port Blair,"['/aboutus', '/products']"
114,2020-04-03,998,Himachal Pradesh/Shimla,Himachal Pradesh,Shimla,"['/aboutus', '/products', '/', '/pricing', '/pricing']"
115,2020-04-03,1309,Bihar/Bhagalpur,Bihar,Bhagalpur,"['/aboutus', '/contact', '/aboutus', '/']"
116,2020-04-03,52,West Bengal/Haora,West Bengal,Haora,"['/contact', '/contact', '/aboutus']"
117,2020-04-03,1605,Manipur/Imphal,Manipur,Imphal,"['/pricing', '/contact', '/', '/', '/aboutus']"
118,2020-04-03,1639,Karnataka/Mysore,Karnataka,Mysore,['/aboutus']
119,2020-04-03,375,Andaman and Nicobar Islands/Port Blair,Andaman and Nicobar Islands,Port Blair,"['/products', '/', '/']"
120,2020-04-03,1177,West Bengal/Haora,West Bengal,Haora,"['/aboutus', '/aboutus', '/pricing', '/products']"
121,2020-04-03,486,Punjab/Amritsar,Punjab,Amritsar,"['/aboutus', '/pricing', '/aboutus', '/aboutus']"
122,2020-04-03,1544,Manipur/Imphal,Manipur,Imphal,"['/', '/contact', '/contact']"
123,2020-04-03,362,Karnataka/Bellary,Karnataka,Bellary,"['/contact', '/pricing', '/', '/products', '/']"
124,2020-04-03,224,Tripura/Agartala,Tripura,Agartala,"['/contact', '/products']"
125,2020-04-03,156,Gujarat/Porbandar,Gujarat,Porbandar,['/']
126,2020-04-03,882,Dadra and Nagar Haveli/Silvassa,Dadra and Nagar Haveli,Silvassa,"['/pricing', '/contact', '/products']"
127,2020-04-03,1732,Kerala/Kochi,Kerala,Kochi,"['/products', '/aboutus', '/products']"
128,2020-04-03,1029,Bihar/Muzaffarpur,Bihar,Muzaffarpur,"['/pricing', '/contact', '/contact', '/products', '/products']"
129,2020-04-03,968,Kerala/Calicut,Kerala,Calicut,"['/aboutus', '/', '/pricing']"
130,2020-04-03,1106,Rajasthan/Udaipur,Rajasthan,Udaipur,"['/pricing', '/aboutus', '/products', '/', '/contact']"
131,2020-04-03,1441,Mizoram/Aizawl,Mizoram,Aizawl,"['/aboutus', '/', '/contact', '/pricing']"
132,2020-04-03,1455,Nagaland/Kohima,Nagaland,Kohima,"['/products', '/']"
133,2020-04-03,256,Gujarat/Ghandinagar,Gujarat,Ghandinagar,"['/aboutus', '/aboutus', '/products', '/contact']"
134,2020-04-03,1617,Daman and Diu/Daman,Daman and Diu,Daman,"['/products', '/pricing', '/products', '/', '/contact']"
135,2020-04-03,46,Gujarat/Ghandinagar,Gujarat,Ghandinagar,"['/products', '/aboutus', '/products']"
136,2020-04-03,905,Chhattisgarh/Bhilai,Chhattisgarh,Bhilai,"['/', '/products']"
137,2020-04-04,1073,Gujarat/Rajkot,Gujarat,Rajkot,"['/', '/products']"
138,2020-04-04,773,Maharashtra/Khanapur,Maharashtra,Khanapur,"['/pricing', '/aboutus', '/pricing', '/contact']"
139,2020-04-04,867,Jharkhand/Dhanbad,Jharkhand,Dhanbad,"['/products', '/pricing', '/contact']"
140,2020-04-04,1183,Tripura/Agartala,Tripura,Agartala,"['/contact', '/contact', '/aboutus']"
141,2020-04-04,1113,Rajasthan/Jodhpur,Rajasthan,Jodhpur,"['/products', '/products', '/products', '/products']"
142,2020-04-04,1465,Lakshadweep/Kavaratti,Lakshadweep,Kavaratti,"['/products', '/products']"
143,2020-04-04,1135,Chandigarh/Chandigarh,Chandigarh,Chandigarh,"['/pricing', '/aboutus', '/', '/pricing', '/']"
144,2020-04-04,1017,Delhi/Delhi,Delhi,Delhi,"['/products', '/pricing', '/aboutus', '/products']"
145,2020-04-04,693,Dadra and Nagar Haveli/Silvassa,Dadra and Nagar Haveli,Silvassa,"['/products', '/contact', '/aboutus', '/pricing']"
146,2020-04-04,549,Delhi/New Delhi,Delhi,New Delhi,"['/products', '/products', '/products']"
147,2020-04-04,1565,Uttarakhand/Dehra Dun,Uttarakhand,Dehra Dun,['/']
148,2020-04-04,78,Chhattisgarh/Raipur,Chhattisgarh,Raipur,"['/pricing', '/pricing']"
149,2020-04-04,1625,Gujarat/Ghandinagar,Gujarat,Ghandinagar,"['/contact', '/', '/pricing', '/pricing']"
150,2020-04-04,1839,Gujarat/Ghandinagar,Gujarat,Ghandinagar,"['/pricing', '/products', '/products', '/contact', '/aboutus']"
151,2020-04-04,100,Uttar Pradesh/Fyzabad,Uttar Pradesh,Fyzabad,"['/pricing', '/pricing']"
152,2020-04-04,952,Bihar/Aurangabad,Bihar,Aurangabad,"['/aboutus', '/pricing', '/aboutus', '/pricing', '/contact']"
153,2020-04-04,687,Andhra Pradesh/Nandyal,Andhra Pradesh,Nandyal,"['/aboutus', '/contact', '/contact', '/', '/aboutus']"
154,2020-04-04,219,Mizoram/Aizawl,Mizoram,Aizawl,"['/aboutus', '/products', '/products', '/products', '/contact']"
155,2020-04-04,876,Tripura/Agartala,Tripura,Agartala,"['/products', '/products', '/contact', '/products']"
156,2020-04-04,224,Uttar Pradesh/Bamanpuri,Uttar Pradesh,Bamanpuri,"['/pricing', '/aboutus', '/products', '/products', '/products']"
157,2020-04-04,408,Assam/Dibrugarh,Assam,Dibrugarh,"['/pricing', '/products']"
158,2020-04-04,1290,Lakshadweep/Kavaratti,Lakshadweep,Kavaratti,['/aboutus']
159,2020-04-04,986,Delhi/Delhi,Delhi,Delhi,"['/pricing', '/aboutus', '/products', '/', '/contact']"
160,2020-04-04,1915,Karnataka/Bijapur,Karnataka,Bijapur,"['/pricing', '/products', '/pricing']"
161,2020-04-04,1452,Kerala/Kochi,Kerala,Kochi,"['/pricing', '/pricing', '/pricing', '/']"
162,2020-04-04,1498,Meghalaya/Shillong,Meghalaya,Shillong,"['/contact', '/', '/contact', '/aboutus', '/pricing']"
163,2020-04-04,706,Maharashtra/Sangli,Maharashtra,Sangli,"['/products', '/pricing', '/products', '/pricing']"
164,2020-04-04,30,Maharashtra/Ahmadnagar,Maharashtra,Ahmadnagar,"['/products', '/products']"
165,2020-04-04,229,Meghalaya/Shillong,Meghalaya,Shillong,['/']
166,2020-04-04,1092,Delhi/Delhi,Delhi,Delhi,"['/aboutus', '/aboutus']"
167,2020-04-04,481,Bihar/Purnea,Bihar,Purnea,['/pricing']
168,2020-04-04,418,Mizoram/Aizawl,Mizoram,Aizawl,"['/contact', '/aboutus']"
169,2020-04-04,1766,Lakshadweep/Kavaratti,Lakshadweep,Kavaratti,"['/contact', '/pricing']"
170,2020-04-04,624,Jharkhand/Ranchi,Jharkhand,Ranchi,"['/contact', '/products']"
171,2020-04-04,950,Tripura/Agartala,Tripura,Agartala,"['/aboutus', '/aboutus', '/pricing', '/pricing', '/aboutus']"
172,2020-04-04,1385,Uttarakhand/Dehra Dun,Uttarakhand,Dehra Dun,"['/', '/pricing', '/products', '/pricing', '/products']"
173,2020-04-04,447,West Bengal/Shiliguri,West Bengal,Shiliguri,"['/aboutus', '/aboutus', '/pricing', '/']"
174,2020-04-04,1898,Goa/Panaji,Goa,Panaji,"['/', '/contact']"
175,2020-04-04,139,Haryana/Gurgaon,Haryana,Gurgaon,"['/aboutus', '/aboutus', '/contact', '/products']"
176,2020-04-04,448,Nagaland/Kohima,Nagaland,Kohima,"['/pricing', '/pricing', '/contact', '/aboutus', '/aboutus']"
177,2020-04-04,1890,Delhi/Delhi,Delhi,Delhi,"['/pricing', '/pricing']"
178,2020-04-04,1155,Uttar Pradesh/Tharati Etawah,Uttar Pradesh,Tharati Etawah,['/pricing']
179,2020-04-04,526,Madhya Pradesh/Saugor,Madhya Pradesh,Saugor,"['/aboutus', '/pricing', '/']"
180,2020-04-04,1144,Puducherry/Puducherry,Puducherry,Puducherry,"['/pricing', '/pricing', '/pricing', '/contact']"
181,2020-04-04,1965,Goa/Panaji,Goa,Panaji,['/pricing']
182,2020-04-04,1092,Karnataka/Hospet,Karnataka,Hospet,"['/aboutus', '/contact', '/contact']"
183,2020-04-04,1007,Sikkim/Gangtok,Sikkim,Gangtok,"['/products', '/contact', '/']"
184,2020-04-04,857,Tripura/Agartala,Tripura,Agartala,"['/products', '/pricing', '/products']"
185,2020-04-04,1900,Tamil Nadu /Thanjavur,Tamil Nadu ,Thanjavur,['/aboutus']
186,2020-04-04,1732,Punjab/Abohar,Punjab,Abohar,"['/aboutus', '/contact', '/contact', '/aboutus']"
187,2020-04-04,1367,Odisha/Samlaipadar,Odisha,Samlaipadar,"['/', '/products']"
188,2020-04-04,564,Madhya Pradesh/Ratlam,Madhya Pradesh,Ratlam,"['/aboutus', '/contact', '/products']"
189,2020-04-04,1303,Arunachal Pradesh/Itanagar,Arunachal Pradesh,Itanagar,['/aboutus']
190,2020-04-04,547,Jharkhand/Jamshedpur,Jharkhand,Jamshedpur,"['/contact', '/pricing', '/pricing', '/products', '/']"
191,2020-04-05,1145,Meghalaya/Shillong,Meghalaya,Shillong,"['/', '/pricing', '/contact']"
192,2020-04-05,1998,Maharashtra/Bhiwandi,Maharashtra,Bhiwandi,"['/aboutus', '/contact', '/aboutus', '/contact', '/']"
193,2020-04-05,1704,Uttarakhand/Dehra Dun,Uttarakhand,Dehra Dun,"['/', '/pricing', '/aboutus', '/products']"
194,2020-04-05,365,Jharkhand/Dhanbad,Jharkhand,Dhanbad,"['/aboutus', '/pricing', '/products']"
195,2020-04-05,5,Himachal Pradesh/Shimla,Himachal Pradesh,Shimla,"['/contact', '/products', '/products', '/pricing', '/pricing']"
196,2020-04-05,10,Daman and Diu/Diu,Daman and Diu,Diu,['/aboutus']
197,2020-04-05,374,Chandigarh/Chandigarh,Chandigarh,Chandigarh,"['/', '/pricing', '/products', '/', '/']"
198,2020-04-05,1817,Jammu and Kashmir/Saidpur,Jammu and Kashmir,Saidpur,"['/', '/contact', '/', '/aboutus', '/pricing']"
199,2020-04-05,547,Uttar Pradesh/Muzaffarnagar,Uttar Pradesh,Muzaffarnagar,"['/pricing', '/', '/products', '/contact', '/contact']"
200,2020-04-05,143,Meghalaya/Shillong,Meghalaya,Shillong,"['/products', '/aboutus']"
201,2020-04-05,1681,West Bengal/Barddhaman,West Bengal,Barddhaman,"['/', '/', '/']"
202,2020-04-05,723,Goa/Panaji,Goa,Panaji,"['/', '/', '/products', '/pricing']"
203,2020-04-05,59,Kerala/Calicut,Kerala,Calicut,"['/pricing', '/contact', '/contact']"
204,2020-04-05,1892,Himachal Pradesh/Shimla,Himachal Pradesh,Shimla,"['/pricing', '/pricing']"
205,2020-04-05,643,Mizoram/Aizawl,Mizoram,Aizawl,"['/pricing', '/aboutus', '/aboutus', '/contact', '/aboutus']"
206,2020-04-05,944,Tamil Nadu /Nagercoil,Tamil Nadu ,Nagercoil,"['/aboutus', '/products', '/pricing']"
207,2020-04-05,1837,Mizoram/Aizawl,Mizoram,Aizawl,['/contact']
208,2020-04-05,274,Puducherry/Puducherry,Puducherry,Puducherry,"['/products', '/products']"
209,2020-04-05,511,Kerala/Kollam,Kerala,Kollam,['/contact']
210,2020-04-05,649,Dadra and Nagar Haveli/Silvassa,Dadra and Nagar Haveli,Silvassa,"['/pricing', '/pricing', '/contact', '/contact', '/aboutus']"
211,2020-04-05,756,Mizoram/Aizawl,Mizoram,Aizawl,['/contact']
212,2020-04-05,1685,Nagaland/Kohima,Nagaland,Kohima,"['/products', '/aboutus', '/pricing', '/pricing', '/products']"
213,2020-04-05,544,Tripura/Agartala,Tripura,Agartala,"['/aboutus', '/aboutus', '/aboutus', '/products', '/aboutus']"
214,2020-04-05,301,Mizoram/Aizawl,Mizoram,Aizawl,['/']
215,2020-04-05,697,West Bengal/Haora,West Bengal,Haora,"['/contact', '/products', '/contact', '/aboutus']"
216,2020-04-05,55,Mizoram/Aizawl,Mizoram,Aizawl,"['/products', '/products']"
217,2020-04-05,1434,Jharkhand/Dhanbad,Jharkhand,Dhanbad,"['/contact', '/pricing', '/products']"
218,2020-04-05,980,Daman and Diu/Daman,Daman and Diu,Daman,"['/products', '/pricing', '/aboutus']"
219,2020-04-05,1443,Lakshadweep/Kavaratti,Lakshadweep,Kavaratti,"['/pricing', '/pricing', '/contact']"
220,2020-04-05,829,Odisha/Bhubaneshwar,Odisha,Bhubaneshwar,"['/aboutus', '/', '/', '/products', '/aboutus']"
221,2020-04-05,1467,Himachal Pradesh/Shimla,Himachal Pradesh,Shimla,['/aboutus']
222,2020-04-05,1575,Tripura/Agartala,Tripura,Agartala,"['/products', '/contact']"
223,2020-04-05,1522,Andhra Pradesh/Proddatur,Andhra Pradesh,Proddatur,"['/products', '/products', '/pricing', '/pricing', '/']"
224,2020-04-05,1530,Delhi/New Delhi,Delhi,New Delhi,"['/products', '/pricing', '/pricing', '/aboutus']"
225,2020-04-05,159,Arunachal Pradesh/Itanagar,Arunachal Pradesh,Itanagar,"['/contact', '/products']"
226,2020-04-05,1785,Kerala/Thiruvananthapuram,Kerala,Thiruvananthapuram,['/contact']
227,2020-04-05,1050,Dadra and Nagar Haveli/Silvassa,Dadra and Nagar Haveli,Silvassa,"['/contact', '/contact', '/', '/products']"
228,2020-04-05,1473,Madhya Pradesh/Indore,Madhya Pradesh,Indore,"['/', '/aboutus', '/pricing', '/aboutus', '/contact']"
229,2020-04-05,1121,Jharkhand/Dhanbad,Jharkhand,Dhanbad,"['/contact', '/aboutus']"
230,2020-04-05,40,Chhattisgarh/Bilaspur,Chhattisgarh,Bilaspur,['/pricing']
231,2020-04-05,550,Goa/Panaji,Goa,Panaji,"['/pricing', '/products', '/aboutus', '/products', '/contact']"
232,2020-04-05,1233,Uttarakhand/Dehra Dun,Uttarakhand,Dehra Dun,"['/', '/pricing']"
233,2020-04-05,258,Assam/Guwahati,Assam,Guwahati,"['/products', '/', '/contact', '/contact', '/aboutus']"
234,2020-04-05,1501,Madhya Pradesh/Ratlam,Madhya Pradesh,Ratlam,"['/', '/pricing', '/products', '/pricing', '/']"
235,2020-04-06,1038,West Bengal/Barddhaman,West Bengal,Barddhaman,"['/', '/aboutus', '/pricing', '/contact', '/pricing']"
236,2020-04-06,455,Dadra and Nagar Haveli/Silvassa,Dadra and Nagar Haveli,Silvassa,"['/pricing', '/products', '/']"
237,2020-04-06,1912,Uttar Pradesh/Mathura,Uttar Pradesh,Mathura,"['/products', '/pricing', '/products']"
238,2020-04-06,343,Mizoram/Aizawl,Mizoram,Aizawl,"['/', '/', '/aboutus']"
239,2020-04-06,1213,West Bengal/asansol,West Bengal,asansol,"['/', '/', '/']"
240,2020-04-06,1931,West Bengal/Haldia,West Bengal,Haldia,['/pricing']
241,2020-04-06,1043,Arunachal Pradesh/Itanagar,Arunachal Pradesh,Itanagar,"['/aboutus', '/contact', '/contact']"
242,2020-04-06,1452,Jharkhand/Ranchi,Jharkhand,Ranchi,['/contact']
243,2020-04-06,610,Mizoram/Aizawl,Mizoram,Aizawl,"['/aboutus', '/pricing']"
244,2020-04-06,1315,Meghalaya/Shillong,Meghalaya,Shillong,['/pricing']
245,2020-04-06,1149,Sikkim/Gangtok,Sikkim,Gangtok,['/pricing']
246,2020-04-06,1427,Jharkhand/Dhanbad,Jharkhand,Dhanbad,['/aboutus']
247,2020-04-06,1003,Daman and Diu/Daman,Daman and Diu,Daman,"['/aboutus', '/', '/', '/contact', '/products']"
248,2020-04-06,556,Goa/Panaji,Goa,Panaji,"['/pricing', '/pricing', '/aboutus', '/contact', '/pricing']"
249,2020-04-06,809,Kerala/Alappuzha,Kerala,Alappuzha,['/contact']
250,2020-04-06,1163,Gujarat/Navsari,Gujarat,Navsari,"['/contact', '/products']"
251,2020-04-06,1399,Punjab/Haripur,Punjab,Haripur,"['/pricing', '/products', '/contact', '/products', '/contact']"
252,2020-04-06,1129,Punjab/Patiala,Punjab,Patiala,"['/pricing', '/pricing', '/pricing']"
253,2020-04-06,566,Delhi/New Delhi,Delhi,New Delhi,"['/contact', '/', '/pricing', '/']"
254,2020-04-06,1584,Himachal Pradesh/Shimla,Himachal Pradesh,Shimla,['/']
255,2020-04-06,614,Tamil Nadu /Kumbakonam,Tamil Nadu ,Kumbakonam,"['/products', '/pricing', '/products']"
256,2020-04-06,228,Goa/Panaji,Goa,Panaji,"['/aboutus', '/aboutus', '/aboutus', '/aboutus']"
257,2020-04-06,1304,Dadra and Nagar Haveli/Silvassa,Dadra and Nagar Haveli,Silvassa,"['/pricing', '/aboutus', '/pricing']"
258,2020-04-06,1718,Assam/Tezpur,Assam,Tezpur,"['/', '/aboutus', '/contact', '/contact']"
259,2020-04-06,673,Andhra Pradesh/Nizamabad,Andhra Pradesh,Nizamabad,"['/contact', '/']"
260,2020-04-06,368,Nagaland/Kohima,Nagaland,Kohima,"['/pricing', '/contact', '/aboutus', '/products', '/contact']"
261,2020-04-06,1904,Nagaland/Kohima,Nagaland,Kohima,"['/products', '/aboutus', '/contact', '/products', '/contact']"
262,2020-04-06,293,Andhra Pradesh/Kagaznagar,Andhra Pradesh,Kagaznagar,"['/aboutus', '/aboutus']"
263,2020-04-06,1729,Bihar/Purnea,Bihar,Purnea,"['/', '/contact', '/contact']"
264,2020-04-06,1803,Tamil Nadu /Tirunelveli,Tamil Nadu ,Tirunelveli,"['/contact', '/aboutus', '/contact', '/']"
265,2020-04-06,1705,Arunachal Pradesh/Itanagar,Arunachal Pradesh,Itanagar,['/']
266,2020-04-06,841,Lakshadweep/Kavaratti,Lakshadweep,Kavaratti,"['/pricing', '/pricing', '/products', '/pricing', '/']"
267,2020-04-06,635,Chandigarh/Chandigarh,Chandigarh,Chandigarh,"['/contact', '/contact', '/', '/pricing']"
268,2020-04-06,1959,Uttar Pradesh/Aligarh,Uttar Pradesh,Aligarh,"['/', '/aboutus']"
269,2020-04-06,678,Gujarat/Bhavnagar,Gujarat,Bhavnagar,"['/products', '/', '/aboutus', '/']"
270,2020-04-06,160,Chhattisgarh/Raipur,Chhattisgarh,Raipur,"['/contact', '/pricing', '/aboutus', '/pricing', '/pricing']"
271,2020-04-06,1396,Goa/Panaji,Goa,Panaji,"['/aboutus', '/aboutus', '/aboutus', '/aboutus', '/aboutus']"
272,2020-04-06,81,Madhya Pradesh/Bhopal,Madhya Pradesh,Bhopal,"['/contact', '/products']"
273,2020-04-07,1338,Karnataka/Bellary,Karnataka,Bellary,['/contact']
274,2020-04-07,356,Sikkim/Gangtok,Sikkim,Gangtok,"['/aboutus', '/aboutus', '/', '/contact']"
275,2020-04-07,1176,Puducherry/Puducherry,Puducherry,Puducherry,"['/contact', '/contact', '/products', '/pricing', '/']"
276,2020-04-07,1248,Rajasthan/Ajmer,Rajasthan,Ajmer,['/products']
277,2020-04-07,1554,Chhattisgarh/Raipur,Chhattisgarh,Raipur,"['/products', '/pricing', '/products', '/pricing']"
278,2020-04-07,38,Odisha/Samlaipadar,Odisha,Samlaipadar,"['/', '/aboutus', '/aboutus']"
279,2020-04-07,866,Bihar/Muzaffarpur,Bihar,Muzaffarpur,"['/aboutus', '/contact', '/pricing']"
280,2020-04-07,1494,Bihar/Bhagalpur,Bihar,Bhagalpur,"['/aboutus', '/products']"
281,2020-04-07,519,Meghalaya/Shillong,Meghalaya,Shillong,"['/contact', '/', '/', '/', '/contact']"
282,2020-04-07,168,Mizoram/Aizawl,Mizoram,Aizawl,"['/products', '/products', '/aboutus', '/contact']"
283,2020-04-07,1722,Andhra Pradesh/Khammam,Andhra Pradesh,Khammam,"['/pricing', '/contact']"
284,2020-04-07,879,Tripura/Agartala,Tripura,Agartala,"['/pricing', '/contact', '/products']"
285,2020-04-07,1476,Odisha/Cuttack,Odisha,Cuttack,"['/contact', '/']"
286,2020-04-07,2000,Odisha/Bhubaneshwar,Odisha,Bhubaneshwar,['/aboutus']
287,2020-04-07,850,Puducherry/Puducherry,Puducherry,Puducherry,"['/products', '/products', '/products', '/products', '/products']"
288,2020-04-07,767,Karnataka/Kolar,Karnataka,Kolar,"['/', '/pricing', '/pricing']"
289,2020-04-07,1348,Maharashtra/Pune,Maharashtra,Pune,"['/products', '/contact', '/pricing']"
290,2020-04-07,797,Kerala/Thiruvananthapuram,Kerala,Thiruvananthapuram,['/aboutus']
291,2020-04-07,930,Karnataka/Gulbarga,Karnataka,Gulbarga,['/']
292,2020-04-07,368,Punjab/Abohar,Punjab,Abohar,"['/products', '/pricing', '/', '/pricing']"
293,2020-04-07,612,Himachal Pradesh/Shimla,Himachal Pradesh,Shimla,"['/contact', '/products', '/']"
294,2020-04-07,851,Andhra Pradesh/Nizamabad,Andhra Pradesh,Nizamabad,"['/', '/pricing', '/', '/pricing', '/pricing']"
295,2020-04-07,1298,Uttarakhand/Dehra Dun,Uttarakhand,Dehra Dun,"['/', '/contact', '/', '/', '/products']"
296,2020-04-07,142,Madhya Pradesh/Jabalpur,Madhya Pradesh,Jabalpur,"['/aboutus', '/', '/', '/pricing', '/']"
297,2020-04-07,1242,Madhya Pradesh/Indore,Madhya Pradesh,Indore,"['/pricing', '/products', '/pricing']"
298,2020-04-07,145,Chhattisgarh/Bilaspur,Chhattisgarh,Bilaspur,"['/', '/pricing', '/products', '/']"
299,2020-04-07,786,Himachal Pradesh/Shimla,Himachal Pradesh,Shimla,"['/aboutus', '/contact', '/aboutus']"
300,2020-04-07,298,Gujarat/Porbandar,Gujarat,Porbandar,['/']
301,2020-04-07,1735,Puducherry/Puducherry,Puducherry,Puducherry,"['/products', '/products']"
302,2020-04-07,1972,Assam/Guwahati,Assam,Guwahati,"['/products', '/contact']"
303,2020-04-07,802,Bihar/Bhagalpur,Bihar,Bhagalpur,"['/aboutus', '/aboutus', '/aboutus', '/pricing', '/contact']"
304,2020-04-07,532,Daman and Diu/Diu,Daman and Diu,Diu,"['/aboutus', '/', '/']"
305,2020-04-07,1810,Lakshadweep/Kavaratti,Lakshadweep,Kavaratti,"['/pricing', '/products', '/products', '/']"
306,2020-04-07,622,Delhi/Delhi,Delhi,Delhi,"['/', '/products', '/products', '/aboutus']"
307,2020-04-07,1742,Jharkhand/Dhanbad,Jharkhand,Dhanbad,"['/aboutus', '/pricing', '/contact', '/pricing']"
308,2020-04-07,892,Lakshadweep/Kavaratti,Lakshadweep,Kavaratti,"['/products', '/pricing', '/pricing', '/pricing']"
309,2020-04-07,1949,Karnataka/Shimoga,Karnataka,Shimoga,"['/aboutus', '/aboutus', '/products', '/aboutus']"
310,2020-04-07,1629,Tripura/Agartala,Tripura,Agartala,"['/products', '/aboutus', '/', '/aboutus', '/aboutus']"
311,2020-04-07,759,Andaman and Nicobar Islands/Port Blair,Andaman and Nicobar Islands,Port Blair,"['/contact', '/contact', '/contact', '/products', '/products']"
312,2020-04-07,1463,Manipur/Imphal,Manipur,Imphal,"['/products', '/pricing', '/', '/', '/products']"
313,2020-04-07,315,Kerala/Calicut,Kerala,Calicut,"['/contact', '/pricing', '/contact']"
314,2020-04-07,1710,Jharkhand/Jamshedpur,Jharkhand,Jamshedpur,"['/products', '/pricing']"
315,2020-04-07,1385,Sikkim/Gangtok,Sikkim,Gangtok,"['/', '/pricing', '/pricing', '/products']"
316,2020-04-07,1010,Mizoram/Aizawl,Mizoram,Aizawl,"['/products', '/', '/pricing', '/', '/contact']"
317,2020-04-07,1465,Haryana/Sonipat,Haryana,Sonipat,"['/aboutus', '/pricing', '/pricing', '/aboutus']"
318,2020-04-07,132,Lakshadweep/Kavaratti,Lakshadweep,Kavaratti,['/contact']
319,2020-04-07,1928,Arunachal Pradesh/Itanagar,Arunachal Pradesh,Itanagar,"['/', '/products']"
320,2020-04-07,63,Jammu and Kashmir/Jammu,Jammu and Kashmir,Jammu,"['/contact', '/contact']"
321,2020-04-07,807,Dadra and Nagar Haveli/Silvassa,Dadra and Nagar Haveli,Silvassa,"['/', '/products', '/products']"
322,2020-04-07,1434,Uttarakhand/Dehra Dun,Uttarakhand,Dehra Dun,"['/aboutus', '/pricing']"
323,2020-04-07,1106,Punjab/Pathankot,Punjab,Pathankot,"['/products', '/pricing']"
324,2020-04-07,1969,Kerala/Kochi,Kerala,Kochi,"['/pricing', '/aboutus']"
325,2020-04-07,401,Punjab/Amritsar,Punjab,Amritsar,"['/pricing', '/', '/pricing', '/']"
326,2020-04-07,1519,Daman and Diu/Diu,Daman and Diu,Diu,"['/pricing', '/pricing', '/products']"
327,2020-04-08,968,Andaman and Nicobar Islands/Port Blair,Andaman and Nicobar Islands,Port Blair,"['/pricing', '/', '/products']"
328,2020-04-08,646,Maharashtra/Amravati,Maharashtra,Amravati,"['/pricing', '/pricing']"
329,2020-04-08,1884,Karnataka/Chikka Mandya,Karnataka,Chikka Mandya,['/products']
330,2020-04-08,776,Madhya Pradesh/Bhopal,Madhya Pradesh,Bhopal,"['/aboutus', '/pricing', '/pricing']"
331,2020-04-08,912,Tripura/Agartala,Tripura,Agartala,"['/', '/products', '/products', '/contact']"
332,2020-04-08,377,Kerala/Kollam,Kerala,Kollam,"['/products', '/contact', '/contact']"
333,2020-04-08,574,Chandigarh/Chandigarh,Chandigarh,Chandigarh,"['/aboutus', '/products']"
334,2020-04-08,1275,Sikkim/Gangtok,Sikkim,Gangtok,"['/products', '/aboutus', '/']"
335,2020-04-08,96,Puducherry/Puducherry,Puducherry,Puducherry,['/']
336,2020-04-08,527,Delhi/Delhi,Delhi,Delhi,['/contact']
337,2020-04-08,397,Uttar Pradesh/Moradabad,Uttar Pradesh,Moradabad,"['/products', '/aboutus']"
338,2020-04-08,596,Uttarakhand/Dehra Dun,Uttarakhand,Dehra Dun,['/']
339,2020-04-08,506,Bihar/Gaya,Bihar,Gaya,"['/pricing', '/products']"
340,2020-04-08,1714,Madhya Pradesh/Ujjain,Madhya Pradesh,Ujjain,"['/', '/', '/contact', '/pricing']"
341,2020-04-08,1904,Andaman and Nicobar Islands/Port Blair,Andaman and Nicobar Islands,Port Blair,"['/products', '/products', '/pricing', '/aboutus']"
342,2020-04-08,68,Bihar/Gaya,Bihar,Gaya,"['/', '/', '/', '/aboutus']"
343,2020-04-08,290,Sikkim/Gangtok,Sikkim,Gangtok,['/']
344,2020-04-08,466,Uttar Pradesh/Lucknow,Uttar Pradesh,Lucknow,['/']
345,2020-04-08,1627,Karnataka/Tumkur,Karnataka,Tumkur,"['/contact', '/']"
346,2020-04-08,614,Chhattisgarh/Bhilai,Chhattisgarh,Bhilai,"['/aboutus', '/pricing']"
347,2020-04-08,1491,Gujarat/Vadodara,Gujarat,Vadodara,"['/pricing', '/products', '/']"
348,2020-04-08,423,West Bengal/Haora,West Bengal,Haora,"['/products', '/', '/pricing', '/', '/pricing']"
349,2020-04-08,1244,Gujarat/Vadodara,Gujarat,Vadodara,"['/aboutus', '/products']"
350,2020-04-08,724,Puducherry/Puducherry,Puducherry,Puducherry,"['/contact', '/products']"
351,2020-04-08,698,Andhra Pradesh/Nellore,Andhra Pradesh,Nellore,"['/', '/', '/']"
352,2020-04-08,1415,Haryana/Karnal,Haryana,Karnal,"['/', '/aboutus', '/pricing', '/', '/contact']"
353,2020-04-08,976,Andhra Pradesh/Tirupati,Andhra Pradesh,Tirupati,"['/', '/pricing', '/aboutus', '/']"
354,2020-04-08,1242,Dadra and Nagar Haveli/Silvassa,Dadra and Nagar Haveli,Silvassa,"['/products', '/pricing']"
355,2020-04-08,1970,Himachal Pradesh/Shimla,Himachal Pradesh,Shimla,['/contact']
356,2020-04-08,504,Jharkhand/Dhanbad,Jharkhand,Dhanbad,['/contact']
357,2020-04-08,125,Manipur/Imphal,Manipur,Imphal,"['/pricing', '/pricing', '/products']"
358,2020-04-08,1075,Jammu and Kashmir/Srinagar,Jammu and Kashmir,Srinagar,['/pricing']
359,2020-04-08,1328,Meghalaya/Shillong,Meghalaya,Shillong,"['/contact', '/aboutus', '/aboutus']"
360,2020-04-08,924,West Bengal/Alipur Duar,West Bengal,Alipur Duar,"['/aboutus', '/', '/', '/pricing', '/pricing']"
361,2020-04-08,1881,Andhra Pradesh/Proddatur,Andhra Pradesh,Proddatur,['/products']
362,2020-04-08,201,Rajasthan/Alwar,Rajasthan,Alwar,"['/products', '/pricing']"
363,2020-04-08,632,Assam/Tezpur,Assam,Tezpur,"['/pricing', '/', '/pricing']"
364,2020-04-09,876,Puducherry/Puducherry,Puducherry,Puducherry,"['/contact', '/pricing', '/aboutus', '/']"
365,2020-04-09,1792,Kerala/Alappuzha,Kerala,Alappuzha,"['/products', '/aboutus', '/']"
366,2020-04-09,903,Himachal Pradesh/Shimla,Himachal Pradesh,Shimla,"['/', '/contact', '/contact', '/contact']"
367,2020-04-09,1680,Punjab/Pathankot,Punjab,Pathankot,"['/aboutus', '/']"
368,2020-04-09,182,Assam/Dibrugarh,Assam,Dibrugarh,"['/aboutus', '/aboutus', '/aboutus', '/']"
369,2020-04-09,652,West Bengal/asansol,West Bengal,asansol,"['/pricing', '/contact', '/products']"
370,2020-04-09,673,Nagaland/Kohima,Nagaland,Kohima,['/products']
371,2020-04-09,1221,Uttar Pradesh/Fyzabad,Uttar Pradesh,Fyzabad,"['/products', '/', '/aboutus', '/pricing']"
372,2020-04-09,420,Maharashtra/Akola,Maharashtra,Akola,"['/pricing', '/', '/aboutus', '/aboutus', '/products']"
373,2020-04-09,385,Daman and Diu/Diu,Daman and Diu,Diu,"['/aboutus', '/products', '/contact']"
374,2020-04-09,1968,Assam/Dispur,Assam,Dispur,['/contact']
375,2020-04-09,863,Bihar/Muzaffarpur,Bihar,Muzaffarpur,"['/products', '/aboutus']"
376,2020-04-09,936,Manipur/Imphal,Manipur,Imphal,"['/products', '/', '/products']"
377,2020-04-09,1262,Manipur/Imphal,Manipur,Imphal,"['/contact', '/contact', '/', '/pricing']"
378,2020-04-09,1298,Mizoram/Aizawl,Mizoram,Aizawl,"['/contact', '/']"
379,2020-04-09,677,Dadra and Nagar Haveli/Silvassa,Dadra and Nagar Haveli,Silvassa,['/contact']
380,2020-04-09,140,Rajasthan/Jodhpur,Rajasthan,Jodhpur,"['/products', '/aboutus', '/']"
381,2020-04-09,989,Jharkhand/Dhanbad,Jharkhand,Dhanbad,"['/contact', '/contact', '/products']"
382,2020-04-09,140,Sikkim/Gangtok,Sikkim,Gangtok,"['/', '/pricing', '/aboutus']"
383,2020-04-09,632,Punjab/Ludhiana,Punjab,Ludhiana,['/pricing']
384,2020-04-09,1853,Maharashtra/Bhusaval,Maharashtra,Bhusaval,['/pricing']
385,2020-04-09,1474,Delhi/New Delhi,Delhi,New Delhi,['/aboutus']
386,2020-04-09,215,Chandigarh/Chandigarh,Chandigarh,Chandigarh,"['/contact', '/pricing', '/aboutus', '/', '/contact']"
387,2020-04-09,1549,Gujarat/Bhavnagar,Gujarat,Bhavnagar,"['/products', '/', '/products', '/products']"
388,2020-04-09,1895,Nagaland/Kohima,Nagaland,Kohima,"['/aboutus', '/products', '/pricing', '/aboutus']"
389,2020-04-09,82,Gujarat/Bhuj,Gujarat,Bhuj,"['/products', '/contact', '/contact', '/aboutus', '/']"
390,2020-04-09,1082,Nagaland/Kohima,Nagaland,Kohima,['/contact']
391,2020-04-09,279,Jammu and Kashmir/Srinagar,Jammu and Kashmir,Srinagar,"['/pricing', '/products', '/aboutus', '/pricing', '/']"
392,2020-04-09,1750,Uttar Pradesh/Varanasi,Uttar Pradesh,Varanasi,"['/products', '/', '/', '/products']"
393,2020-04-09,168,Mizoram/Aizawl,Mizoram,Aizawl,"['/aboutus', '/products', '/contact', '/']"
394,2020-04-09,1952,Delhi/Delhi,Delhi,Delhi,"['/products', '/pricing', '/', '/aboutus', '/contact']"
395,2020-04-09,1238,Lakshadweep/Kavaratti,Lakshadweep,Kavaratti,"['/pricing', '/contact', '/', '/', '/contact']"
396,2020-04-09,1274,Himachal Pradesh/Shimla,Himachal Pradesh,Shimla,"['/products', '/pricing', '/aboutus', '/products', '/']"
397,2020-04-09,1648,Arunachal Pradesh/Itanagar,Arunachal Pradesh,Itanagar,['/contact']
398,2020-04-09,1514,Kerala/Alappuzha,Kerala,Alappuzha,"['/contact', '/aboutus']"
399,2020-04-09,432,Lakshadweep/Kavaratti,Lakshadweep,Kavaratti,"['/products', '/contact', '/contact', '/aboutus']"
400,2020-04-09,1518,Tripura/Agartala,Tripura,Agartala,"['/', '/', '/pricing']"
401,2020-04-09,901,Odisha/Brahmapur,Odisha,Brahmapur,"['/contact', '/']"
402,2020-04-09,881,Chandigarh/Chandigarh,Chandigarh,Chandigarh,"['/products', '/aboutus', '/products', '/']"
403,2020-04-09,1813,Assam/Dibrugarh,Assam,Dibrugarh,"['/products', '/products', '/aboutus', '/products']"
404,2020-04-09,1829,Madhya Pradesh/Ratlam,Madhya Pradesh,Ratlam,"['/aboutus', '/pricing', '/contact', '/', '/contact']"
405,2020-04-09,1662,Chandigarh/Chandigarh,Chandigarh,Chandigarh,"['/pricing', '/pricing', '/', '/', '/aboutus']"
406,2020-04-09,954,Karnataka/Bidar,Karnataka,Bidar,['/aboutus']
407,2020-04-09,1534,Bihar/Purnea,Bihar,Purnea,"['/products', '/']"
408,2020-04-09,804,Uttarakhand/Dehra Dun,Uttarakhand,Dehra Dun,['/contact']
409,2020-04-09,1810,Delhi/Delhi,Delhi,Delhi,"['/contact', '/pricing', '/products']"
410,2020-04-09,11,West Bengal/Bhatpara,West Bengal,Bhatpara,"['/contact', '/aboutus', '/', '/pricing', '/']"
411,2020-04-09,1556,Maharashtra/Sangli,Maharashtra,Sangli,"['/aboutus', '/pricing', '/contact']"
412,2020-04-09,401,Haryana/Sonipat,Haryana,Sonipat,"['/aboutus', '/', '/', '/aboutus', '/contact']"
413,2020-04-09,1574,Sikkim/Gangtok,Sikkim,Gangtok,"['/pricing', '/', '/contact', '/contact', '/']"
414,2020-04-09,993,Arunachal Pradesh/Itanagar,Arunachal Pradesh,Itanagar,"['/products', '/', '/', '/pricing']"
415,2020-04-09,1200,Karnataka/Mysore,Karnataka,Mysore,"['/products', '/aboutus', '/']"
416,2020-04-10,37,Sikkim/Gangtok,Sikkim,Gangtok,"['/products', '/aboutus', '/', '/contact', '/pricing']"
417,2020-04-10,1658,Arunachal Pradesh/Itanagar,Arunachal Pradesh,Itanagar,"['/pricing', '/contact', '/contact', '/', '/aboutus']"
418,2020-04-10,1244,Jammu and Kashmir/Jammu,Jammu and Kashmir,Jammu,"['/pricing', '/aboutus', '/', '/']"
419,2020-04-10,1611,Tripura/Agartala,Tripura,Agartala,"['/aboutus', '/', '/products', '/', '/aboutus']"
420,2020-04-10,1740,Haryana/Panchkula,Haryana,Panchkula,"['/aboutus', '/products', '/products', '/aboutus', '/products']"
421,2020-04-10,17,Assam/Dispur,Assam,Dispur,"['/contact', '/contact', '/', '/', '/aboutus']"
422,2020-04-10,444,Daman and Diu/Diu,Daman and Diu,Diu,"['/aboutus', '/products', '/products', '/']"
423,2020-04-10,72,Punjab/Ludhiana,Punjab,Ludhiana,"['/aboutus', '/', '/', '/products', '/']"
424,2020-04-10,1085,Bihar/Bhagalpur,Bihar,Bhagalpur,"['/contact', '/', '/contact', '/products']"
425,2020-04-10,1716,Jharkhand/Ranchi,Jharkhand,Ranchi,"['/pricing', '/']"
426,2020-04-10,660,Bihar/Muzaffarpur,Bihar,Muzaffarpur,"['/', '/aboutus']"
427,2020-04-10,6,Madhya Pradesh/Ratlam,Madhya Pradesh,Ratlam,"['/products', '/contact']"
428,2020-04-10,1002,Gujarat/Rajkot,Gujarat,Rajkot,"['/', '/products', '/pricing']"
429,2020-04-10,1725,Arunachal Pradesh/Itanagar,Arunachal Pradesh,Itanagar,"['/', '/', '/aboutus']"
430,2020-04-10,163,Nagaland/Kohima,Nagaland,Kohima,"['/contact', '/aboutus', '/contact', '/products', '/products']"
431,2020-04-10,917,Haryana/Karnal,Haryana,Karnal,['/pricing']
432,2020-04-10,1505,Odisha/Bhubaneshwar,Odisha,Bhubaneshwar,"['/pricing', '/', '/pricing', '/']"
433,2020-04-10,1563,Andhra Pradesh/Machilipatnam,Andhra Pradesh,Machilipatnam,['/pricing']
434,2020-04-10,1541,Rajasthan/Bikaner,Rajasthan,Bikaner,"['/contact', '/contact', '/products']"
435,2020-04-10,166,Chhattisgarh/Bhilai,Chhattisgarh,Bhilai,['/products']
436,2020-04-10,926,Uttarakhand/Dehra Dun,Uttarakhand,Dehra Dun,['/products']
437,2020-04-10,76,Haryana/Faridabad,Haryana,Faridabad,"['/aboutus', '/pricing', '/pricing']"
438,2020-04-10,741,Tamil Nadu /Nagercoil,Tamil Nadu ,Nagercoil,"['/products', '/products', '/aboutus', '/', '/aboutus']"
439,2020-04-10,1940,Gujarat/Bhuj,Gujarat,Bhuj,"['/contact', '/contact', '/aboutus', '/contact']"
440,2020-04-10,1332,Meghalaya/Shillong,Meghalaya,Shillong,"['/contact', '/aboutus']"
441,2020-04-10,1509,Manipur/Imphal,Manipur,Imphal,['/aboutus']
442,2020-04-10,1906,Chhattisgarh/Bilaspur,Chhattisgarh,Bilaspur,"['/contact', '/', '/aboutus']"
443,2020-04-10,1407,Mizoram/Aizawl,Mizoram,Aizawl,"['/pricing', '/', '/contact']"
444,2020-04-10,822,Bihar/Muzaffarpur,Bihar,Muzaffarpur,"['/contact', '/contact', '/products']"
445,2020-04-10,812,Tamil Nadu /Nagercoil,Tamil Nadu ,Nagercoil,"['/pricing', '/', '/contact', '/pricing']"
446,2020-04-10,1999,Sikkim/Gangtok,Sikkim,Gangtok,"['/', '/contact', '/aboutus', '/contact', '/pricing']"
447,2020-04-10,1558,Himachal Pradesh/Shimla,Himachal Pradesh,Shimla,"['/pricing', '/aboutus']"
448,2020-04-10,1735,Kerala/Kollam,Kerala,Kollam,"['/contact', '/products', '/pricing', '/aboutus']"
449,2020-04-10,698,Manipur/Imphal,Manipur,Imphal,"['/pricing', '/contact', '/pricing', '/aboutus', '/']"
450,2020-04-10,497,Tripura/Agartala,Tripura,Agartala,"['/', '/', '/contact', '/pricing', '/aboutus']"
451,2020-04-10,193,Daman and Diu/Diu,Daman and Diu,Diu,"['/pricing', '/aboutus']"
452,2020-04-10,550,Kerala/Alappuzha,Kerala,Alappuzha,"['/aboutus', '/products', '/', '/aboutus', '/contact']"
453,2020-04-10,729,Bihar/Muzaffarpur,Bihar,Muzaffarpur,"['/pricing', '/aboutus', '/aboutus']"
454,2020-04-10,681,Maharashtra/Mumbai,Maharashtra,Mumbai,"['/contact', '/contact', '/contact']"
455,2020-04-10,230,Haryana/Rohtak,Haryana,Rohtak,['/aboutus']
456,2020-04-10,606,Punjab/Patiala,Punjab,Patiala,"['/contact', '/contact', '/pricing', '/pricing']"
457,2020-04-10,1383,Maharashtra/Mumbai,Maharashtra,Mumbai,"['/pricing', '/contact', '/aboutus']"
458,2020-04-10,1766,Manipur/Imphal,Manipur,Imphal,"['/', '/products']"
459,2020-04-11,821,Tripura/Agartala,Tripura,Agartala,"['/aboutus', '/contact', '/', '/pricing', '/contact']"
460,2020-04-11,614,Kerala/Calicut,Kerala,Calicut,"['/contact', '/products', '/', '/pricing']"
461,2020-04-11,717,Tripura/Agartala,Tripura,Agartala,"['/aboutus', '/aboutus']"
462,2020-04-11,1182,Meghalaya/Shillong,Meghalaya,Shillong,"['/', '/contact', '/aboutus', '/contact', '/pricing']"
463,2020-04-11,638,Assam/Jorhat,Assam,Jorhat,"['/products', '/products', '/aboutus', '/', '/aboutus']"
464,2020-04-11,1231,Chandigarh/Chandigarh,Chandigarh,Chandigarh,['/contact']
465,2020-04-11,1542,Tripura/Agartala,Tripura,Agartala,"['/aboutus', '/pricing', '/contact', '/pricing', '/contact']"
466,2020-04-11,1717,Madhya Pradesh/Gwalior,Madhya Pradesh,Gwalior,"['/contact', '/products', '/aboutus', '/']"
467,2020-04-11,1826,Dadra and Nagar Haveli/Silvassa,Dadra and Nagar Haveli,Silvassa,"['/pricing', '/contact']"
468,2020-04-11,515,Arunachal Pradesh/Itanagar,Arunachal Pradesh,Itanagar,"['/products', '/products', '/aboutus', '/products']"
469,2020-04-11,1214,Manipur/Imphal,Manipur,Imphal,"['/contact', '/pricing', '/pricing']"
470,2020-04-11,1756,Goa/Panaji,Goa,Panaji,"['/pricing', '/pricing', '/pricing']"
471,2020-04-11,14,Gujarat/Ghandinagar,Gujarat,Ghandinagar,"['/', '/products', '/contact']"
472,2020-04-11,634,Nagaland/Kohima,Nagaland,Kohima,['/contact']
473,2020-04-11,1661,Uttarakhand/Dehra Dun,Uttarakhand,Dehra Dun,"['/aboutus', '/']"
474,2020-04-11,1716,West Bengal/asansol,West Bengal,asansol,"['/contact', '/contact', '/aboutus']"
475,2020-04-11,1963,Bihar/Patna,Bihar,Patna,"['/contact', '/contact']"
476,2020-04-11,1307,Arunachal Pradesh/Itanagar,Arunachal Pradesh,Itanagar,"['/products', '/contact', '/', '/aboutus']"
477,2020-04-11,1462,Karnataka/Hospet,Karnataka,Hospet,"['/products', '/', '/', '/pricing', '/pricing']"
478,2020-04-11,1860,Maharashtra/Kalyan,Maharashtra,Kalyan,"['/', '/aboutus', '/pricing']"
479,2020-04-11,1841,Rajasthan/Sikar,Rajasthan,Sikar,"['/pricing', '/contact', '/products', '/products']"
480,2020-04-11,901,Himachal Pradesh/Shimla,Himachal Pradesh,Shimla,"['/contact', '/aboutus', '/', '/products', '/pricing']"
481,2020-04-11,1125,Lakshadweep/Kavaratti,Lakshadweep,Kavaratti,"['/products', '/']"
482,2020-04-11,79,Madhya Pradesh/Ratlam,Madhya Pradesh,Ratlam,['/']
483,2020-04-11,1219,Delhi/New Delhi,Delhi,New Delhi,"['/contact', '/']"
484,2020-04-11,1150,Arunachal Pradesh/Itanagar,Arunachal Pradesh,Itanagar,"['/products', '/contact', '/contact', '/aboutus']"
485,2020-04-11,1203,Maharashtra/Amravati,Maharashtra,Amravati,"['/', '/', '/products', '/aboutus']"
486,2020-04-11,443,Mizoram/Aizawl,Mizoram,Aizawl,"['/contact', '/aboutus', '/pricing', '/contact']"
487,2020-04-11,193,Arunachal Pradesh/Itanagar,Arunachal Pradesh,Itanagar,"['/pricing', '/aboutus', '/']"
488,2020-04-11,1176,Nagaland/Kohima,Nagaland,Kohima,"['/contact', '/aboutus', '/', '/products', '/aboutus']"
489,2020-04-11,1699,Jammu and Kashmir/Srinagar,Jammu and Kashmir,Srinagar,"['/contact', '/pricing']"
490,2020-04-11,1582,Arunachal Pradesh/Itanagar,Arunachal Pradesh,Itanagar,"['/contact', '/pricing', '/aboutus']"
491,2020-04-11,1295,Meghalaya/Shillong,Meghalaya,Shillong,"['/products', '/pricing']"
492,2020-04-11,264,Uttarakhand/Dehra Dun,Uttarakhand,Dehra Dun,['/pricing']
493,2020-04-11,458,Goa/Panaji,Goa,Panaji,"['/pricing', '/pricing']"
494,2020-04-11,651,Manipur/Imphal,Manipur,Imphal,['/']
495,2020-04-11,1865,Delhi/New Delhi,Delhi,New Delhi,"['/products', '/', '/aboutus', '/aboutus']"
496,2020-04-11,961,West Bengal/Barddhaman,West Bengal,Barddhaman,['/']
497,2020-04-11,869,Madhya Pradesh/Gwalior,Madhya Pradesh,Gwalior,"['/contact', '/products', '/products', '/']"
498,2020-04-11,329,Goa/Panaji,Goa,Panaji,"['/', '/contact']"
499,2020-04-11,1988,Gujarat/Surat,Gujarat,Surat,"['/pricing', '/contact', '/contact', '/pricing']"
